id;name;firstname;mail;tel
1;"Dbh5";"Jj9";Jewelery monetize;viral Persevering Armenian Dram
2;"Sj0";"Rtno4";National;Avon
3;"Sfv3";"Qy2";brand French Guiana;granular Chair
4;"Vlast3";"Njpgvrw3";Usability;Infrastructure bandwidth Ergonomic
5;"Bvqpo5";"Zxi2";scalable FTP;Fantastic Steel Fish sticky productize
6;"Pqvtbpr0";"Aq1";communities Home Creek;Eritrea
7;"Abonp8";"Jfpny0";TCP Sports;back-end initiatives
8;"Xgde0";"Qutv5";bricks-and-clicks Ergonomic;Tennessee Credit Card Account
9;"Uzeg2";"Hojc1";Kroon Somoni;Alaska EXE
10;"Skek9";"Rzlzs6";Incredible Soft Pants e-tailers;Small Concrete Keyboard
